ID,FIRST NAME,LAST NAME,GENDER,AGE,FULL NAME
1,santhosh,R,Male,19,santhosh R
2,santhosh,Rajkumar,Male,19,santhosh Rajkumar
3,San,Rajkumar,Male,19,San Rajkumar
4,San,Raj,Male,19,San Raj
1,santhosh,R,Male,19,santhosh R
2,santhosh,Rajkumar,Male,19,santhosh Rajkumar
3,San,Rajkumar,Male,19,San Rajkumar
4,San,Raj,Male,19,San Raj
1,santhosh,R,Male,19,santhosh R
2,santhosh,Rajkumar,Male,19,santhosh Rajkumar
3,San,Rajkumar,Male,19,San Rajkumar
4,San,Raj,Male,19,San Raj
1,santhosh,R,Male,19,santhosh R
2,santhosh,Rajkumar,Male,19,santhosh Rajkumar
3,San,Rajkumar,Male,19,San Rajkumar
4,San,Raj,Male,19,San Raj
1,santhosh,R,Male,19,santhosh R
2,santhosh,Rajkumar,Male,19,santhosh Rajkumar
3,San,Rajkumar,Male,19,San Rajkumar
4,San,Raj,Male,19,San Raj
